{"cameraMode":{"drawMode":0,"name":"Shaded","section":"Shading Mode"},"sceneLighting":false,"audioPlay":false,"sceneViewState":{"m_AlwaysRefresh":false,"showFog":true,"showSkybox":false,"showFlares":true,"showImageEffects":true,"showParticleSystems":true,"showVisualEffectGraphs":true,"m_FxEnabled":true},"in2DMode":false,"pivot":{"x":-0.4154667854309082,"y":0.15000009536743165,"z":0.018486499786376954},"rotation":{"x":-0.1999521553516388,"y":-0.002354032127186656,"z":0.0004805419594049454,"w":-0.9798027276992798},"size":11.506542205810547,"orthographic":false}