{"cameraMode":{"drawMode":0,"name":"Shaded","section":"Shading Mode"},"sceneLighting":true,"audioPlay":false,"sceneViewState":{"m_AlwaysRefresh":false,"showFog":true,"showSkybox":true,"showFlares":true,"showImageEffects":true,"showParticleSystems":true,"showVisualEffectGraphs":true,"m_FxEnabled":true},"in2DMode":false,"pivot":{"x":304.9378967285156,"y":621.3739013671875,"z":64.5250244140625},"rotation":{"x":0.15684545040130616,"y":0.0074072666466236118,"z":-0.001176260644569993,"w":0.9875969290733337},"size":424.23822021484377,"orthographic":false}