{"cameraMode":{"drawMode":0,"name":"Shaded","section":"Shading Mode"},"sceneLighting":true,"audioPlay":false,"sceneViewState":{"m_AlwaysRefresh":false,"showFog":true,"showSkybox":true,"showFlares":true,"showImageEffects":true,"showParticleSystems":true,"showVisualEffectGraphs":true,"m_FxEnabled":true},"in2DMode":false,"pivot":{"x":-3.503898859024048,"y":1.3884530067443848,"z":0.012642860412597657},"rotation":{"x":0.34086543321609499,"y":-0.028197461739182473,"z":0.010229057632386685,"w":0.9396352171897888},"size":3.7806107997894289,"orthographic":false}