{"cameraMode":{"drawMode":0,"name":"Shaded","section":"Shading Mode"},"sceneLighting":true,"audioPlay":false,"sceneViewState":{"m_AlwaysRefresh":false,"showFog":true,"showSkybox":true,"showFlares":true,"showImageEffects":true,"showParticleSystems":true,"showVisualEffectGraphs":true,"m_FxEnabled":true},"in2DMode":false,"pivot":{"x":-2.41269588470459,"y":1.5758016109466553,"z":-4.678838729858398},"rotation":{"x":-0.035992082208395007,"y":-0.004496952518820763,"z":-0.0001618465903447941,"w":0.9993438720703125},"size":1.5324387550354005,"orthographic":false}