{"cameraMode":{"drawMode":0,"name":"Shaded","section":"Shading Mode"},"sceneLighting":true,"audioPlay":false,"sceneViewState":{"m_AlwaysRefresh":false,"showFog":true,"showSkybox":true,"showFlares":true,"showImageEffects":true,"showParticleSystems":true,"showVisualEffectGraphs":true,"m_FxEnabled":true},"in2DMode":false,"pivot":{"x":-1.4209896326065064,"y":0.33777880668640139,"z":-5.050223350524902},"rotation":{"x":0.2172539085149765,"y":4.2700676772255977e-8,"z":1.3292064338088494e-8,"w":0.9761168956756592},"size":2.8769571781158449,"orthographic":false}